Monthly Prayer Times in Seattle,,,,,,,
March,Day,Ramadan Day,Fajr,Dhuhr,Asr,Maghrib,Isha
01,Sat,1,5:24 AM,12:22 PM,3:22 PM,5:55 PM,7:20 PM
02,Sun,2,5:22 AM,12:22 PM,3:23 PM,5:57 PM,7:22 PM
03,Mon,3,5:20 AM,12:22 PM,3:24 PM,5:58 PM,7:23 PM
04,Tue,4,5:18 AM,12:21 PM,3:25 PM,6:00 PM,7:25 PM
05,Wed,5,5:16 AM,12:21 PM,3:26 PM,6:01 PM,7:26 PM
06,Thu,6,5:14 AM,12:21 PM,3:27 PM,6:03 PM,7:28 PM
07,Fri,7,5:12 AM,12:21 PM,3:28 PM,6:04 PM,7:29 PM
08,Sat,8,5:10 AM,12:20 PM,3:29 PM,6:06 PM,7:31 PM
09,Sun,9,6:10 AM,1:20 PM,4:29 PM,7:06 PM,7:14 PM
10,Mon,10,6:08 AM,1:20 PM,4:30 PM,7:07 PM,8:32 PM
11,Tue,11,6:06 AM,1:20 PM,4:31 PM,7:09 PM,8:34 PM
12,Wed,12,6:04 AM,1:20 PM,4:31 PM,7:10 PM,8:35 PM
13,Thu,13,4:50 AM,12:03 PM,3:27 PM,6:01 PM,7:16 PM
14,Fri,14,6:00 AM,1:19 PM,4:33 PM,7:13 PM,8:38 PM
15,Sat,15,5:58 AM,1:19 PM,4:34 PM,7:15 PM,8:40 PM
16,Sun,16,5:56 AM,1:19 PM,4:35 PM,7:16 PM,8:41 PM
17,Mon,17,5:54 AM,1:18 PM,4:36 PM,7:17 PM,8:43 PM
18,Tue,18,5:52 AM,1:18 PM,4:37 PM,7:19 PM,8:44 PM
19,Wed,19,5:49 AM,1:18 PM,4:38 PM,7:20 PM,8:46 PM
20,Thu,20,5:47 AM,1:17 PM,4:38 PM,7:22 PM,8:48 PM
21,Fri,21,5:45 AM,1:17 PM,4:39 PM,7:23 PM,8:49 PM
22,Sat,22,5:43 AM,1:17 PM,4:40 PM,7:25 PM,8:51 PM
23,Sun,23,5:41 AM,1:17 PM,4:41 PM,7:26 PM,8:52 PM
24,Mon,24,5:38 AM,1:16 PM,4:42 PM,7:28 PM,8:54 PM
25,Tue,25,5:36 AM,1:16 PM,4:43 PM,7:29 PM,8:56 PM
26,Wed,26,5:34 AM,1:16 PM,4:43 PM,7:30 PM,8:57 PM
27,Thu,27,5:32 AM,1:15 PM,4:44 PM,7:32 PM,8:59 PM
28,Fri,28,5:30 AM,1:15 PM,4:45 PM,7:33 PM,9:00 PM
29,Sat,29,5:27 AM,1:15 PM,4:46 PM,7:35 PM,9:02 PM