Monthly Prayer Times in Los Angeles,,,,,,,
March,Day,Ramadan Day,Fajr,Dhuhr,Asr,Maghrib,Isha
01,Sat,1,05:12 AM,12:06 PM,04:10 PM,05:50 PM,06:59 PM
02,Sun,2,05:11 AM,12:05 PM,04:11 PM,05:51 PM,07:00 PM
03,Mon,3,05:10 AM,12:05 PM,04:11 PM,05:52 PM,07:01 PM
04,Tue,4,05:09 AM,12:05 PM,04:12 PM,05:53 PM,07:02 PM
05,Wed,5,05:07 AM,12:05 PM,04:13 PM,05:54 PM,07:02 PM
06,Thu,6,05:06 AM,12:05 PM,04:13 PM,05:54 PM,07:03 PM
07,Fri,7,05:05 AM,12:04 PM,04:14 PM,05:55 PM,07:04 PM
08,Sat,8,05:03 AM,12:04 PM,04:15 PM,05:56 PM,07:05 PM
09,Sun,9,06:03 AM,01:04 PM,05:15 PM,06:56 PM,08:05 PM
10,Mon,10,06:02 AM,01:04 PM,05:15 PM,06:57 PM,08:06 PM
11,Tue,11,06:01 AM,01:04 PM,05:16 PM,06:58 PM,08:06 PM
12,Wed,12,05:59 AM,01:03 PM,05:16 PM,06:58 PM,08:07 PM
13,Thu,13,05:58 AM,01:03 PM,05:17 PM,06:59 PM,08:08 PM
14,Fri,14,05:57 AM,01:03 PM,05:18 PM,07:00 PM,08:09 PM
15,Sat,15,05:55 AM,01:02 PM,05:18 PM,07:01 PM,08:10 PM
16,Sun,16,05:54 AM,01:02 PM,05:19 PM,07:02 PM,08:10 PM
17,Mon,17,05:53 AM,01:02 PM,05:19 PM,07:02 PM,08:11 PM
18,Tue,18,05:51 AM,01:02 PM,05:20 PM,07:03 PM,08:12 PM
19,Wed,19,05:50 AM,01:01 PM,05:20 PM,07:04 PM,08:13 PM
20,Thu,20,05:48 AM,01:01 PM,05:21 PM,07:05 PM,08:14 PM
21,Fri,21,05:47 AM,01:01 PM,05:22 PM,07:05 PM,08:15 PM
22,Sat,22,05:45 AM,01:00 PM,05:22 PM,07:06 PM,08:15 PM
23,Sun,23,05:44 AM,01:00 PM,05:23 PM,07:07 PM,08:16 PM
24,Mon,24,05:43 AM,01:00 PM,05:23 PM,07:08 PM,08:17 PM
25,Tue,25,05:41 AM,01:00 PM,05:24 PM,07:09 PM,08:18 PM
26,Wed,26,05:40 AM,12:59 PM,05:24 PM,07:09 PM,08:19 PM
27,Thu,27,05:38 AM,12:59 PM,05:25 PM,07:10 PM,08:20 PM
28,Fri,28,05:37 AM,12:59 PM,05:25 PM,07:11 PM,08:20 PM
29,Sat,29,05:35 AM,12:58 PM,05:25 PM,07:12 PM,08:21 PM