Monthly Prayer Times in Austin,,,,,,,
March,Day,Ramadan Day,Fajr,Dhuhr,Asr,Maghrib,Isha
01,Sat,1,5:52 AM,12:44 PM,4:51 PM,6:30 PM,7:36 PM
02,Sun,2,5:50 AM,12:44 PM,4:53 PM,6:32 PM,7:38 PM
03,Mon,3,5:49 AM,12:44 PM,4:53 PM,6:32 PM,7:38 PM
04,Tue,4,5:48 AM,12:43 PM,4:54 PM,6:33 PM,7:39 PM
05,Wed,5,5:47 AM,12:43 PM,4:54 PM,6:34 PM,7:40 PM
06,Thu,6,5:45 AM,12:43 PM,4:55 PM,6:34 PM,7:40 PM
07,Fri,7,5:44 AM,12:43 PM,4:55 PM,6:35 PM,7:41 PM
08,Sat,8,5:43 AM,12:42 PM,4:56 PM,6:36 PM,7:42 PM
09,Sun,9,6:42 AM,1:42 PM,5:56 PM,7:36 PM,8:42 PM
10,Mon,10,6:41 AM,1:42 PM,5:57 PM,7:37 PM,8:43 PM
11,Tue,11,6:40 AM,1:42 PM,5:57 PM,7:38 PM,8:44 PM
12,Wed,12,6:38 AM,1:41 PM,5:58 PM,7:38 PM,8:44 PM
13,Thu,13,6:37 AM,1:41 PM,5:58 PM,7:39 PM,8:45 PM
14,Fri,14,6:36 AM,1:41 PM,5:58 PM,7:40 PM,8:46 PM
15,Sat,15,6:35 AM,1:41 PM,5:59 PM,7:40 PM,8:46 PM
16,Sun,16,6:34 AM,1:40 PM,5:59 PM,7:41 PM,8:47 PM
17,Mon,17,6:32 AM,1:40 PM,6:00 PM,7:42 PM,8:48 PM
18,Tue,18,6:31 AM,1:40 PM,6:00 PM,7:42 PM,8:48 PM
19,Wed,19,6:30 AM,1:39 PM,6:00 PM,7:43 PM,8:49 PM
20,Thu,20,6:29 AM,1:39 PM,6:01 PM,7:43 PM,8:50 PM
21,Fri,21,6:27 AM,1:39 PM,6:01 PM,7:44 PM,8:50 PM
22,Sat,22,6:26 AM,1:38 PM,6:02 PM,7:45 PM,8:51 PM
23,Sun,23,6:25 AM,1:38 PM,6:02 PM,7:45 PM,8:52 PM
24,Mon,24,6:23 AM,1:38 PM,6:02 PM,7:46 PM,8:52 PM
25,Tue,25,6:22 AM,1:38 PM,6:03 PM,7:47 PM,8:53 PM
26,Wed,26,6:21 AM,1:37 PM,6:03 PM,7:47 PM,8:54 PM
27,Thu,27,6:20 AM,1:37 PM,6:03 PM,7:48 PM,8:54 PM
28,Fri,28,6:18 AM,1:37 PM,6:04 PM,7:48 PM,8:55 PM
29,Sat,29,6:17 AM,1:36 PM,6:04 PM,7:49 PM,8:56 PM